{"cameraMode":{"drawMode":31,"name":"Sprite Mask","section":"Miscellaneous"},"sceneLighting":false,"audioPlay":false,"sceneViewState":{"showFog":true,"showMaterialUpdate":false,"showSkybox":false,"showFlares":true,"showImageEffects":true,"showParticleSystems":true},"in2DMode":false,"pivot":{"x":-33.66160202026367,"y":0.09581947326660156,"z":2.3352866172790529},"rotation":{"x":0.21031147241592408,"y":-0.7506563663482666,"z":0.281926691532135,"w":0.5593761205673218},"size":7.133856296539307,"orthographic":false}