{"cameraMode":{"drawMode":31,"name":"Sprite Mask","section":"Miscellaneous"},"sceneLighting":true,"audioPlay":false,"sceneViewState":{"showFog":true,"showMaterialUpdate":false,"showSkybox":true,"showFlares":true,"showImageEffects":true,"showParticleSystems":true},"in2DMode":false,"pivot":{"x":-6.920313835144043,"y":33.79984664916992,"z":16.86533546447754},"rotation":{"x":0.0977955162525177,"y":-0.852901041507721,"z":0.48310840129852297,"w":0.17235170304775239},"size":9.030298233032227,"orthographic":false}