{"cameraMode":{"drawMode":31,"name":"Sprite Mask","section":"Miscellaneous"},"sceneLighting":true,"audioPlay":false,"sceneViewState":{"showFog":true,"showMaterialUpdate":false,"showSkybox":true,"showFlares":true,"showImageEffects":true,"showParticleSystems":true},"in2DMode":false,"pivot":{"x":-9.84653377532959,"y":34.95768356323242,"z":16.75018310546875},"rotation":{"x":0.13107424974441529,"y":-0.8671863079071045,"z":0.3695504665374756,"w":0.3071523904800415},"size":9.030298233032227,"orthographic":false}