{"cameraMode":{"drawMode":31,"name":"Sprite Mask","section":"Miscellaneous"},"sceneLighting":true,"audioPlay":false,"sceneViewState":{"showFog":true,"showMaterialUpdate":false,"showSkybox":true,"showFlares":true,"showImageEffects":true,"showParticleSystems":true},"in2DMode":false,"pivot":{"x":-2.834273338317871,"y":5.656970500946045,"z":1.065479040145874},"rotation":{"x":-0.05916137993335724,"y":0.7253221869468689,"z":-0.06282258778810501,"w":-0.6830368041992188},"size":8.969361305236817,"orthographic":false}